<?xml version="1.0"?>
<!--<!DOCTYPE metadata SYSTEM "http://www.esri.com/metadata/esriprof80.dtd">-->
<metadata xml:lang="en"><Esri><CreaDate>20091210</CreaDate><CreaTime>22071800</CreaTime><SyncOnce>FALSE</SyncOnce><DataProperties><lineage><Process Name="Merge_2" ToolSource="C:\Program Files\ArcGIS\ArcToolbox\Toolboxes\Data Management Tools.tbx\Merge" Date="20080214" Time="192235">Merge tx_all;tza_lines;ago_lines;cod_lines;BWA_lines E:\AICD\Analysis\Power\PowerSectorReview\Access_model\tx_all2.shp "TYPE_INFR TYPE_INFR true false false 50 Text 0 0 ,First,#,tx_all,TYPE_INFR,-1,-1,tza_lines,TYPE_INFR,-1,-1,ago_lines,TYPE_INFR,-1,-1,cod_lines,TYPE_INFR,-1,-1,BWA_lines,TYPE_INFR,-1,-1;STATUS STATUS true false false 50 Text 0 0 ,First,#,tx_all,STATUS,-1,-1,tza_lines,STATUS,-1,-1,ago_lines,STATUS,-1,-1,cod_lines,STATUS,-1,-1,BWA_lines,STATUS,-1,-1;BANDWIDTH BANDWIDTH true false false 10 Double 0 10 ,First,#,tx_all,BANDWIDTH,-1,-1,tza_lines,BANDWIDTH,-1,-1,ago_lines,BANDWIDTH,-1,-1,cod_lines,BANDWIDTH,-1,-1,BWA_lines,BANDWIDTH,-1,-1;FROM_ FROM_ true false false 15 Text 0 0 ,First,#,tx_all,FROM_,-1,-1,tza_lines,FROM_,-1,-1,ago_lines,FROM_,-1,-1,cod_lines,FROM_,-1,-1,BWA_lines,FROM_,-1,-1;Source Source true false false 254 Text 0 0 ,First,#,tx_all,Source,-1,-1,tza_lines,SOURCE,-1,-1,ago_lines,SOURCE,-1,-1,cod_lines,SOURCE,-1,-1,BWA_lines,SOURCE,-1,-1;OPR OPR true false false 4 Short 0 4 ,First,#,tx_all,OPR,-1,-1;TO_ TO_ true false false 50 Text 0 0 ,First,#,tza_lines,TO_,-1,-1,ago_lines,TO_,-1,-1,cod_lines,TO_,-1,-1,BWA_lines,TO_,-1,-1,tx_all,TO,-1,-1"</Process><Process Name="Merge_1" ToolSource="C:\Program Files\ArcGIS\ArcToolbox\Toolboxes\Data Management Tools.tbx\Merge" Date="20090512" Time="172038">Merge tx_all2;new_lns E:\AICD\Global_GIS_Data\Utilities\Utilities\tx_all3.shp "TYPE_INFR TYPE_INFR true false false 50 Text 0 0 ,First,#,tx_all2,TYPE_INFR,-1,-1,new_lns,TYPE_INFR,-1,-1;STATUS STATUS true false false 50 Text 0 0 ,First,#,tx_all2,STATUS,-1,-1,new_lns,STATUS,-1,-1;BANDWIDTH BANDWIDTH true false false 10 Double 0 10 ,First,#,tx_all2,BANDWIDTH,-1,-1,new_lns,BANDWIDTH,-1,-1;FROM_ FROM_ true false false 15 Text 0 0 ,First,#,tx_all2,FROM_,-1,-1,new_lns,FROM_,-1,-1;Source Source true false false 254 Text 0 0 ,First,#,tx_all2,Source,-1,-1,new_lns,Source,-1,-1;OPR OPR true false false 4 Short 0 4 ,First,#,tx_all2,OPR,-1,-1;TO_ TO_ true false false 50 Text 0 0 ,First,#,tx_all2,TO_,-1,-1,new_lns,TO_2,-1,-1"</Process><Process ToolSource="C:\Program Files\ArcGIS\ArcToolbox\Toolboxes\Analysis Tools.tbx\Identity" Date="20091008" Time="175905">Identity tx_all3 countries E:\AICD\Global_GIS_Data\Utilities\Utilities\tx_all.shp ALL # NO_RELATIONSHIPS</Process><Process ToolSource="C:\Program Files\ArcGIS\ArcToolbox\Toolboxes\Data Management Tools.tbx\CopyFeatures" Date="20091210" Time="223121">CopyFeatures tmp_lyr.lyr E:\aicd\web\PowerPlants\KEN.shp # 0 0 0</Process></lineage></DataProperties><SyncDate>20091210</SyncDate><SyncTime>23241400</SyncTime><ModDate>20091210</ModDate><ModTime>23242500</ModTime><MetaID>{247AE090-8318-4A33-A24A-4885F57D6350}</MetaID></Esri><idinfo><native Sync="TRUE">Microsoft Windows XP Version 5.1 (Build 2600) Service Pack 3; ESRI ArcCatalog 9.3.1.3000</native><descript><langdata Sync="TRUE">en</langdata><abstract>REQUIRED: A brief narrative summary of the data set.</abstract><purpose>REQUIRED: A summary of the intentions with which the data set was developed.</purpose></descript><citation><citeinfo><origin>REQUIRED: The name of an organization or individual that developed the data set.</origin><pubdate>REQUIRED: The date when the data set is published or otherwise made available for release.</pubdate><title Sync="TRUE">KEN_PowerPlants</title><ftname Sync="TRUE">KEN_PowerPlants</ftname><geoform Sync="TRUE">vector digital data</geoform><onlink Sync="TRUE">\\DRGAMD02\E$\aicd\web\PowerPlants\KEN_PowerPlants.shp</onlink></citeinfo></citation><timeperd><current>REQUIRED: The basis on which the time period of content information is determined.</current><timeinfo><sngdate><caldate>REQUIRED: The year (and optionally month, or month and day) for which the data set corresponds to the ground.</caldate></sngdate></timeinfo></timeperd><status><progress>REQUIRED: The state of the data set.</progress><update>REQUIRED: The frequency with which changes and additions are made to the data set after the initial data set is completed.</update></status><spdom><bounding><westbc Sync="TRUE">11.850000</westbc><eastbc Sync="TRUE">21.250000</eastbc><northbc Sync="TRUE">-5.233333</northbc><southbc Sync="TRUE">-17.393320</southbc></bounding><lboundng><leftbc Sync="TRUE">34.489167</leftbc><rightbc Sync="TRUE">39.666667</rightbc><bottombc Sync="TRUE">-4.050000</bottombc><topbc Sync="TRUE">1.916700</topbc></lboundng></spdom><keywords><theme><themekt>REQUIRED: Reference to a formally registered thesaurus or a similar authoritative source of theme keywords.</themekt><themekey>REQUIRED: Common-use word or phrase used to describe the subject of the data set.</themekey></theme></keywords><accconst>REQUIRED: Restrictions and legal prerequisites for accessing the data set.</accconst><useconst>REQUIRED: Restrictions and legal prerequisites for using the data set after access is granted.</useconst><natvform Sync="TRUE">Shapefile</natvform></idinfo><dataIdInfo><envirDesc Sync="TRUE">Microsoft Windows XP Version 5.1 (Build 2600) Service Pack 3; ESRI ArcCatalog 9.3.1.3000</envirDesc><dataLang><languageCode Sync="TRUE" value="en"></languageCode></dataLang><idCitation><resTitle>Kenya Power Plants</resTitle><presForm><PresFormCd Sync="TRUE" value="005"></PresFormCd></presForm><resRefDate><refDate>2009</refDate><refDateType><DateTypCd value="001"></DateTypCd></refDateType></resRefDate><citRespParty><rpIndName>Siobhan Murray</rpIndName><rpOrgName>The World Bank</rpOrgName><rpPosName>GIS Anlayst</rpPosName><role><RoleCd value="006"></RoleCd></role></citRespParty><resRefDate><refDate>2009</refDate><refDateType><DateTypCd value="002"></DateTypCd></refDateType></resRefDate></idCitation><spatRpType><SpatRepTypCd Sync="TRUE" value="001"></SpatRepTypCd></spatRpType><dataExt><geoEle><GeoBndBox esriExtentType="native"><westBL Sync="TRUE">34.489167</westBL><eastBL Sync="TRUE">39.666667</eastBL><northBL Sync="TRUE">1.9167</northBL><southBL Sync="TRUE">-4.05</southBL><exTypeCode Sync="TRUE">1</exTypeCode></GeoBndBox></geoEle><tempEle><TempExtent><exTemp><TM_GeometricPrimitive><TM_Instant><tmPosition><TM_CalDate><calDate>2006</calDate></TM_CalDate></tmPosition></TM_Instant></TM_GeometricPrimitive></exTemp></TempExtent></tempEle></dataExt><geoBox esriExtentType="decdegrees"><westBL Sync="TRUE">11.85</westBL><eastBL Sync="TRUE">21.25</eastBL><northBL Sync="TRUE">-5.233333</northBL><southBL Sync="TRUE">-17.39332</southBL><exTypeCode Sync="TRUE">1</exTypeCode></geoBox><idAbs>Data for power plants with total installed generating capacity &gt; 10 mw from the Platts World Electric Power Plants Database (WEPP 2006).  Plants were georeferenced using location information from the WEPP, auxiliary GIS datasets, World Bank project documents and the internet.  Locations are approximate, precision varies greatly by point, based on the source of coordinate information.

The following attributes are included:

PLANT: power plant name,
STATUS: status (OPR, CON, PLN, OTHER, UNK),
SUM_MW: total installed generating capacity,
LATITUDE: approximate location, latitude,
LONGITUDE: approximate location, longitude,
GEN_TYPE: type of electricity generation (HYDRO, THERMAL, OTHER)</idAbs><tpCat><TopicCatCd value="019"></TopicCatCd></tpCat><descKeys KeyTypCd="002"><keyTyp><KeyTypCd value="002"></KeyTypCd></keyTyp><keyword>Africa</keyword><keyword>Kenya</keyword></descKeys></dataIdInfo><metainfo><langmeta Sync="TRUE">en</langmeta><metstdn Sync="TRUE">FGDC Content Standards for Digital Geospatial Metadata</metstdn><metstdv Sync="TRUE">FGDC-STD-001-1998</metstdv><mettc Sync="TRUE">local time</mettc><metc><cntinfo><cntorgp><cntper>REQUIRED: The person responsible for the metadata information.</cntper><cntorg>REQUIRED: The organization responsible for the metadata information.</cntorg></cntorgp><cntaddr><addrtype>REQUIRED: The mailing and/or physical address for the organization or individual.</addrtype><city>REQUIRED: The city of the address.</city><state>REQUIRED: The state or province of the address.</state><postal>REQUIRED: The ZIP or other postal code of the address.</postal></cntaddr><cntvoice>REQUIRED: The telephone number by which individuals can speak to the organization or individual.</cntvoice></cntinfo></metc><metd Sync="TRUE">20091210</metd><metextns><onlink Sync="TRUE">http://www.esri.com/metadata/esriprof80.html</onlink><metprof Sync="TRUE">ESRI Metadata Profile</metprof></metextns></metainfo><mdLang><languageCode Sync="TRUE" value="en"></languageCode></mdLang><mdStanName Sync="TRUE">ISO 19115 Geographic Information - Metadata</mdStanName><mdStanVer Sync="TRUE">DIS_ESRI1.0</mdStanVer><mdChar><CharSetCd Sync="TRUE" value="004"></CharSetCd></mdChar><mdHrLv><ScopeCd Sync="TRUE" value="005"></ScopeCd></mdHrLv><mdHrLvName Sync="TRUE">dataset</mdHrLvName><distinfo><resdesc Sync="TRUE">Downloadable Data</resdesc><stdorder><digform><digtinfo><transize Sync="TRUE">0.001</transize><dssize Sync="TRUE">0.001</dssize></digtinfo></digform></stdorder></distinfo><distInfo><distributor><distorTran><onLineSrc><orDesc Sync="TRUE">002</orDesc><linkage>http://wbes922m.worldbank.org/aicd/tools/maps</linkage><protocol>internet</protocol><orFunct><OnFunctCd value="001"></OnFunctCd></orFunct></onLineSrc><transSize Sync="TRUE">0.001</transSize></distorTran><distorFormat><formatName Sync="TRUE">Shapefile</formatName><formatVer>ArcGIS v 9.3</formatVer></distorFormat><distorCont><rpIndName>Africa Infrastructure Country Diagnostic</rpIndName><rpOrgName>The World Bank</rpOrgName><rpPosName>regional study</rpPosName><role><RoleCd value="005"></RoleCd></role></distorCont></distributor></distInfo><spdoinfo><direct Sync="TRUE">Vector</direct><ptvctinf><esriterm Name="KEN_PowerPlants"><efeatyp Sync="TRUE">Simple</efeatyp><efeageom Sync="TRUE">Point</efeageom><esritopo Sync="TRUE">FALSE</esritopo><efeacnt Sync="TRUE">32</efeacnt><spindex Sync="TRUE">TRUE</spindex><linrefer Sync="TRUE">FALSE</linrefer></esriterm><sdtsterm Name="KEN_PowerPlants"><sdtstype Sync="TRUE">Entity point</sdtstype><ptvctcnt Sync="TRUE">32</ptvctcnt></sdtsterm></ptvctinf></spdoinfo><spref><horizsys><cordsysn><geogcsn Sync="TRUE">GCS_WGS_1984</geogcsn></cordsysn><geograph><geogunit Sync="TRUE">Decimal degrees</geogunit><latres Sync="TRUE">0.000000</latres><longres Sync="TRUE">0.000000</longres></geograph><geodetic><horizdn Sync="TRUE">D_WGS_1984</horizdn><ellips Sync="TRUE">WGS_1984</ellips><semiaxis Sync="TRUE">6378137.000000</semiaxis><denflat Sync="TRUE">298.257224</denflat></geodetic></horizsys></spref><refSysInfo><RefSystem><refSysID><identCode Sync="TRUE">GCS_WGS_1984</identCode></refSysID></RefSystem></refSysInfo><spatRepInfo><VectSpatRep><topLvl><TopoLevCd Sync="TRUE" value="001"></TopoLevCd></topLvl><geometObjs Name="KEN_PowerPlants"><geoObjTyp><GeoObjTypCd Sync="TRUE" value="004"></GeoObjTypCd></geoObjTyp><geoObjCnt Sync="TRUE">32</geoObjCnt></geometObjs></VectSpatRep></spatRepInfo><eainfo><detailed Name="KEN_PowerPlants"><enttyp><enttypl Sync="TRUE">KEN_PowerPlants</enttypl><enttypt Sync="TRUE">Feature Class</enttypt><enttypc Sync="TRUE">32</enttypc></enttyp><attr><attrlabl Sync="TRUE">FID</attrlabl><attalias Sync="TRUE">FID</attalias><attrtype Sync="TRUE">OID</attrtype><attwidth Sync="TRUE">4</attwidth><atprecis Sync="TRUE">0</atprecis><attscale Sync="TRUE">0</attscale><attrdef Sync="TRUE">Internal feature number.</attrdef><attrdefs Sync="TRUE">ESRI</attrdefs><attrdomv><udom Sync="TRUE">Sequential unique whole numbers that are automatically generated.</udom></attrdomv></attr><attr><attrlabl Sync="TRUE">Shape</attrlabl><attalias Sync="TRUE">Shape</attalias><attrtype Sync="TRUE">Geometry</attrtype><attwidth Sync="TRUE">0</attwidth><atprecis Sync="TRUE">0</atprecis><attscale Sync="TRUE">0</attscale><attrdef Sync="TRUE">Feature geometry.</attrdef><attrdefs Sync="TRUE">ESRI</attrdefs><attrdomv><udom Sync="TRUE">Coordinates defining the features.</udom></attrdomv></attr><attr><attrlabl Sync="TRUE">PLANT</attrlabl><attalias Sync="TRUE">PLANT</attalias><attrtype Sync="TRUE">String</attrtype><attwidth Sync="TRUE">254</attwidth></attr><attr><attrlabl Sync="TRUE">STATUS</attrlabl><attalias Sync="TRUE">STATUS</attalias><attrtype Sync="TRUE">String</attrtype><attwidth Sync="TRUE">254</attwidth></attr><attr><attrlabl Sync="TRUE">SUM_MW</attrlabl><attalias Sync="TRUE">SUM_MW</attalias><attrtype Sync="TRUE">Float</attrtype><attwidth Sync="TRUE">19</attwidth><atnumdec Sync="TRUE">11</atnumdec></attr><attr><attrlabl Sync="TRUE">COUNTRY</attrlabl><attalias Sync="TRUE">COUNTRY</attalias><attrtype Sync="TRUE">String</attrtype><attwidth Sync="TRUE">254</attwidth></attr><attr><attrlabl Sync="TRUE">LAT</attrlabl><attalias Sync="TRUE">LAT</attalias><attrtype Sync="TRUE">Float</attrtype><attwidth Sync="TRUE">19</attwidth><atnumdec Sync="TRUE">11</atnumdec></attr><attr><attrlabl Sync="TRUE">LON</attrlabl><attalias Sync="TRUE">LON</attalias><attrtype Sync="TRUE">Float</attrtype><attwidth Sync="TRUE">19</attwidth><atnumdec Sync="TRUE">11</atnumdec></attr><attr><attrlabl Sync="TRUE">GEN_TYPE</attrlabl><attalias Sync="TRUE">GEN_TYPE</attalias><attrtype Sync="TRUE">String</attrtype><attwidth Sync="TRUE">16</attwidth></attr><attr><attrlabl Sync="TRUE">ISO</attrlabl><attalias Sync="TRUE">ISO</attalias><attrtype Sync="TRUE">String</attrtype><attwidth Sync="TRUE">50</attwidth></attr></detailed></eainfo><mdDateSt Sync="TRUE">20091210</mdDateSt><dataqual><lineage><procstep><procdesc Sync="TRUE">Dataset copied.</procdesc><srcused Sync="TRUE"></srcused><procdate Sync="TRUE">20091112</procdate><proctime Sync="TRUE">08422300</proctime></procstep><procstep><procdesc Sync="TRUE">Dataset copied.</procdesc><srcused Sync="TRUE"></srcused><procdate Sync="TRUE">20091112</procdate><proctime Sync="TRUE">09041800</proctime></procstep><procstep><procdesc Sync="TRUE">Metadata imported.</procdesc><srcused Sync="TRUE">F:\aicd_27oct09\web\Power\BDI_Txlines.shp.xml</srcused><procdate Sync="TRUE">20091112</procdate><proctime Sync="TRUE">11485400</proctime></procstep><procstep><procdesc Sync="TRUE">Metadata imported.</procdesc><srcused Sync="TRUE">F:\aicd_27oct09\web\Power\BEN_Txlines.shp.xml</srcused><procdate Sync="TRUE">20091112</procdate><proctime Sync="TRUE">11542400</proctime></procstep><procstep><procdesc Sync="TRUE">Metadata imported.</procdesc><srcused Sync="TRUE">E:\aicd\web\Power\BDI_Txlines.shp.xml</srcused><procdate Sync="TRUE">20091208</procdate><proctime Sync="TRUE">03184100</proctime></procstep><procstep><procdesc Sync="TRUE">Metadata imported.</procdesc><srcused Sync="TRUE">E:\aicd\web\Power\AGO_Txlines.shp.xml</srcused><procdate Sync="TRUE">20091210</procdate><proctime Sync="TRUE">22071800</proctime></procstep></lineage></dataqual><mdContact><rpIndName>Siobhan Murray</rpIndName><rpOrgName>The World Bank</rpOrgName><rpPosName>GIS Anlayst</rpPosName><role><RoleCd value="006"></RoleCd></role></mdContact><dqInfo><dataLineage><statement>The primary method of geo-referencing was by name-matching with other GIS datasets. If name-matching was unsuccessful, hardcopy maps or graphics of power systems were used to estimate coordinates (relative to rivers, roads, other GIS features).
</statement></dataLineage><dqScope><scpLvl><ScopeCd value="005"></ScopeCd></scpLvl></dqScope></dqInfo></metadata>
